-- ══════════════════════════════════════════════════════════════════════════════
-- DEMO REISENDE v2 – 22 weitere Reisende (IDs 009–030)
-- Voraussetzung: seed_demo_data.sql wurde bereits ausgeführt (IDs 001–008)
-- Ausführen als: Supabase Service Role (SQL Editor → Run as Service Role)
-- Avatare: DiceBear algorithmisch generiert (kein echtes Foto, nicht im Internet)
-- ══════════════════════════════════════════════════════════════════════════════

-- ─────────────────────────────────────────────────────────────────────────────
-- 1. AUTH USERS
-- ─────────────────────────────────────────────────────────────────────────────
INSERT INTO auth.users (
  id, instance_id, aud, role, email, encrypted_password,
  email_confirmed_at, raw_user_meta_data,
  created_at, updated_at, confirmation_token, recovery_token,
  email_change_token_new, email_change
) VALUES
  ('a1000000-0000-0000-0000-000000000009'::uuid,'00000000-0000-0000-0000-000000000000'::uuid,'authenticated','authenticated',
   'maria.schneider@demo.urlaubfinder365.de', crypt('DemoPass123!', gen_salt('bf')), now(),
   '{"full_name":"Maria Schneider"}'::jsonb, now()-interval '180 days', now(),'','','',''),
  ('a1000000-0000-0000-0000-000000000010'::uuid,'00000000-0000-0000-0000-000000000000'::uuid,'authenticated','authenticated',
   'selin.demir@demo.urlaubfinder365.de', crypt('DemoPass123!', gen_salt('bf')), now(),
   '{"full_name":"Selin Demir"}'::jsonb, now()-interval '95 days', now(),'','','',''),
  ('a1000000-0000-0000-0000-000000000011'::uuid,'00000000-0000-0000-0000-000000000000'::uuid,'authenticated','authenticated',
   'emre.kaya@demo.urlaubfinder365.de', crypt('DemoPass123!', gen_salt('bf')), now(),
   '{"full_name":"Emre Kaya"}'::jsonb, now()-interval '240 days', now(),'','','',''),
  ('a1000000-0000-0000-0000-000000000012'::uuid,'00000000-0000-0000-0000-000000000000'::uuid,'authenticated','authenticated',
   'hannah.wolf@demo.urlaubfinder365.de', crypt('DemoPass123!', gen_salt('bf')), now(),
   '{"full_name":"Hannah Wolf"}'::jsonb, now()-interval '60 days', now(),'','','',''),
  ('a1000000-0000-0000-0000-000000000013'::uuid,'00000000-0000-0000-0000-000000000000'::uuid,'authenticated','authenticated',
   'carlos.garcia@demo.urlaubfinder365.de', crypt('DemoPass123!', gen_salt('bf')), now(),
   '{"full_name":"Carlos García"}'::jsonb, now()-interval '150 days', now(),'','','',''),
  ('a1000000-0000-0000-0000-000000000014'::uuid,'00000000-0000-0000-0000-000000000000'::uuid,'authenticated','authenticated',
   'nina.richter@demo.urlaubfinder365.de', crypt('DemoPass123!', gen_salt('bf')), now(),
   '{"full_name":"Nina Richter"}'::jsonb, now()-interval '75 days', now(),'','','',''),
  ('a1000000-0000-0000-0000-000000000015'::uuid,'00000000-0000-0000-0000-000000000000'::uuid,'authenticated','authenticated',
   'aleksandra.nowak@demo.urlaubfinder365.de', crypt('DemoPass123!', gen_salt('bf')), now(),
   '{"full_name":"Aleksandra Nowak"}'::jsonb, now()-interval '300 days', now(),'','','',''),
  ('a1000000-0000-0000-0000-000000000016'::uuid,'00000000-0000-0000-0000-000000000000'::uuid,'authenticated','authenticated',
   'felix.hoffmann@demo.urlaubfinder365.de', crypt('DemoPass123!', gen_salt('bf')), now(),
   '{"full_name":"Felix Hoffmann"}'::jsonb, now()-interval '120 days', now(),'','','',''),
  ('a1000000-0000-0000-0000-000000000017'::uuid,'00000000-0000-0000-0000-000000000000'::uuid,'authenticated','authenticated',
   'ayse.celik@demo.urlaubfinder365.de', crypt('DemoPass123!', gen_salt('bf')), now(),
   '{"full_name":"Ayşe Çelik"}'::jsonb, now()-interval '45 days', now(),'','','',''),
  ('a1000000-0000-0000-0000-000000000018'::uuid,'00000000-0000-0000-0000-000000000000'::uuid,'authenticated','authenticated',
   'benjamin.braun@demo.urlaubfinder365.de', crypt('DemoPass123!', gen_salt('bf')), now(),
   '{"full_name":"Benjamin Braun"}'::jsonb, now()-interval '200 days', now(),'','','',''),
  ('a1000000-0000-0000-0000-000000000019'::uuid,'00000000-0000-0000-0000-000000000000'::uuid,'authenticated','authenticated',
   'olga.ivanova@demo.urlaubfinder365.de', crypt('DemoPass123!', gen_salt('bf')), now(),
   '{"full_name":"Olga Ivanova"}'::jsonb, now()-interval '90 days', now(),'','','',''),
  ('a1000000-0000-0000-0000-000000000020'::uuid,'00000000-0000-0000-0000-000000000000'::uuid,'authenticated','authenticated',
   'max.koch@demo.urlaubfinder365.de', crypt('DemoPass123!', gen_salt('bf')), now(),
   '{"full_name":"Max Koch"}'::jsonb, now()-interval '365 days', now(),'','','',''),
  ('a1000000-0000-0000-0000-000000000021'::uuid,'00000000-0000-0000-0000-000000000000'::uuid,'authenticated','authenticated',
   'lukas.wagner@demo.urlaubfinder365.de', crypt('DemoPass123!', gen_salt('bf')), now(),
   '{"full_name":"Lukas Wagner"}'::jsonb, now()-interval '30 days', now(),'','','',''),
  ('a1000000-0000-0000-0000-000000000022'::uuid,'00000000-0000-0000-0000-000000000000'::uuid,'authenticated','authenticated',
   'oezlem.arslan@demo.urlaubfinder365.de', crypt('DemoPass123!', gen_salt('bf')), now(),
   '{"full_name":"Özlem Arslan"}'::jsonb, now()-interval '130 days', now(),'','','',''),
  ('a1000000-0000-0000-0000-000000000023'::uuid,'00000000-0000-0000-0000-000000000000'::uuid,'authenticated','authenticated',
   'emma.klein@demo.urlaubfinder365.de', crypt('DemoPass123!', gen_salt('bf')), now(),
   '{"full_name":"Emma Klein"}'::jsonb, now()-interval '55 days', now(),'','','',''),
  ('a1000000-0000-0000-0000-000000000024'::uuid,'00000000-0000-0000-0000-000000000000'::uuid,'authenticated','authenticated',
   'david.schulz@demo.urlaubfinder365.de', crypt('DemoPass123!', gen_salt('bf')), now(),
   '{"full_name":"David Schulz"}'::jsonb, now()-interval '280 days', now(),'','','',''),
  ('a1000000-0000-0000-0000-000000000025'::uuid,'00000000-0000-0000-0000-000000000000'::uuid,'authenticated','authenticated',
   'yasmin.kramer@demo.urlaubfinder365.de', crypt('DemoPass123!', gen_salt('bf')), now(),
   '{"full_name":"Yasmin Kramer"}'::jsonb, now()-interval '20 days', now(),'','','',''),
  ('a1000000-0000-0000-0000-000000000026'::uuid,'00000000-0000-0000-0000-000000000000'::uuid,'authenticated','authenticated',
   'kemal.sahin@demo.urlaubfinder365.de', crypt('DemoPass123!', gen_salt('bf')), now(),
   '{"full_name":"Kemal Şahin"}'::jsonb, now()-interval '170 days', now(),'','','',''),
  ('a1000000-0000-0000-0000-000000000027'::uuid,'00000000-0000-0000-0000-000000000000'::uuid,'authenticated','authenticated',
   'lena.schaefer@demo.urlaubfinder365.de', crypt('DemoPass123!', gen_salt('bf')), now(),
   '{"full_name":"Lena Schäfer"}'::jsonb, now()-interval '85 days', now(),'','','',''),
  ('a1000000-0000-0000-0000-000000000028'::uuid,'00000000-0000-0000-0000-000000000000'::uuid,'authenticated','authenticated',
   'patrick.meyer@demo.urlaubfinder365.de', crypt('DemoPass123!', gen_salt('bf')), now(),
   '{"full_name":"Patrick Meyer"}'::jsonb, now()-interval '400 days', now(),'','','',''),
  ('a1000000-0000-0000-0000-000000000029'::uuid,'00000000-0000-0000-0000-000000000000'::uuid,'authenticated','authenticated',
   'sarah.neumann@demo.urlaubfinder365.de', crypt('DemoPass123!', gen_salt('bf')), now(),
   '{"full_name":"Sarah Neumann"}'::jsonb, now()-interval '40 days', now(),'','','',''),
  ('a1000000-0000-0000-0000-000000000030'::uuid,'00000000-0000-0000-0000-000000000000'::uuid,'authenticated','authenticated',
   'ivan.petrov@demo.urlaubfinder365.de', crypt('DemoPass123!', gen_salt('bf')), now(),
   '{"full_name":"Ivan Petrov"}'::jsonb, now()-interval '220 days', now(),'','','','')
ON CONFLICT (id) DO NOTHING;

-- ─────────────────────────────────────────────────────────────────────────────
-- 2. PUBLIC.USERS  (DiceBear algorithmisch generierte Avatare – kein Echtfoto)
-- ─────────────────────────────────────────────────────────────────────────────
INSERT INTO public.users (id, display_name, avatar_url, bio, visited_countries, xp, level, is_public,
  favorite_destinations, preferences)
VALUES
  ('a1000000-0000-0000-0000-000000000009','Maria Schneider',
   'https://api.dicebear.com/9.x/adventurer/svg?seed=MariaSchneider&backgroundColor=ffd5dc',
   'Mallorca-Dauergast und Strandliebhaberin. Jedes Jahr mindestens zweimal ans Meer. 🌊',
   ARRAY['ES','GR','TR','HR','PT','IT'], 870, 4, true,
   ARRAY['mallorca','kreta','hurghada'],
   '{"budget":"mittel","adults":2,"children":2,"preferredMonths":["Jul","Aug"],"preferredTypes":["strand","familie"]}'::jsonb),
  ('a1000000-0000-0000-0000-000000000010','Selin Demir',
   'https://api.dicebear.com/9.x/adventurer/svg?seed=SelinDemir&backgroundColor=c0aede',
   'Türkisch-Deutsche, verreise am liebsten in die Heimat meiner Eltern. Antalya forever! 🌴',
   ARRAY['TR','GR','ES','IT','AE','EG'], 1420, 5, true,
   ARRAY['antalya','side','bodrum'],
   '{"budget":"mittel","adults":2,"children":0,"preferredMonths":["Mai","Jun","Sep"],"preferredTypes":["strand","all-inclusive","kultur"]}'::jsonb),
  ('a1000000-0000-0000-0000-000000000011','Emre Kaya',
   'https://api.dicebear.com/9.x/adventurer/svg?seed=EmreKaya&backgroundColor=b6e3f4',
   'Reisefotograf aus Köln. Immer auf der Suche nach dem perfekten Licht und unbekannten Orten. 📸',
   ARRAY['TR','JP','IS','NO','MA','MX','PE','IN'], 3600, 10, true,
   ARRAY['bali','kappadokien','marokko'],
   '{"budget":"mittel","adults":1,"children":0,"preferredMonths":["Mär","Apr","Okt","Nov"],"preferredTypes":["natur","abenteuer","kultur"]}'::jsonb),
  ('a1000000-0000-0000-0000-000000000012','Hannah Wolf',
   'https://api.dicebear.com/9.x/adventurer/svg?seed=HannahWolf&backgroundColor=d1d4f9',
   'Wellness & Spa-Liebhaberin. Ich suche die Ruhe abseits des Alltags. 🧘 Yoga & Ayurveda.',
   ARRAY['AT','CH','IN','TH','ID','MV'], 690, 3, true,
   ARRAY['malediven','bali','teneriffa'],
   '{"budget":"premium","adults":2,"children":0,"preferredMonths":["Jan","Feb","Nov"],"preferredTypes":["wellness","strand","luxus"]}'::jsonb),
  ('a1000000-0000-0000-0000-000000000013','Carlos García',
   'https://api.dicebear.com/9.x/adventurer/svg?seed=CarlosGarcia&backgroundColor=ffdfbf',
   'Spanier in Berlin, reise für mein Leben gerne durch Südamerika. Foodie & Salsa-Fan. 💃',
   ARRAY['MX','CO','PE','AR','BR','CU','DO','CL','UY'], 2300, 7, true,
   ARRAY['cancun','barcelona'],
   '{"budget":"budget","adults":1,"children":0,"preferredMonths":["Sep","Okt","Feb","Mär"],"preferredTypes":["kultur","essen","nachtleben"]}'::jsonb),
  ('a1000000-0000-0000-0000-000000000014','Nina Richter',
   'https://api.dicebear.com/9.x/adventurer/svg?seed=NinaRichter&backgroundColor=b6e3f4',
   'Kunsthistorikerin und Kulturtouristin. Museen, Galerien und UNESCO-Weltkulturerbe. 🏛️',
   ARRAY['IT','GR','EG','FR','ES','JP','CN','IN','TN','MA'], 1890, 6, true,
   ARRAY['rom','barcelona','dubai'],
   '{"budget":"mittel","adults":2,"children":0,"preferredMonths":["Mär","Apr","Sep","Okt"],"preferredTypes":["kultur","geschichte","stadt"]}'::jsonb),
  ('a1000000-0000-0000-0000-000000000015','Aleksandra Nowak',
   'https://api.dicebear.com/9.x/adventurer/svg?seed=AleksandraNowak&backgroundColor=ffd5dc',
   'Polin, lebe seit 10 Jahren in München. Liebe Europa-Roadtrips und Mittelmeer-Urlaube. 🚗',
   ARRAY['IT','GR','HR','ES','PT','FR','CZ','AT','HU'], 1150, 4, true,
   ARRAY['kreta','mallorca','rom'],
   '{"budget":"mittel","adults":2,"children":1,"preferredMonths":["Jun","Jul","Aug"],"preferredTypes":["strand","kultur","familie"]}'::jsonb),
  ('a1000000-0000-0000-0000-000000000016','Felix Hoffmann',
   'https://api.dicebear.com/9.x/adventurer/svg?seed=FelixHoffmann&backgroundColor=b6e3f4',
   'Tauch-Lehrer und Wassersport-Enthusiast. Hurghada und Malediven sind mein Paradies. 🤿',
   ARRAY['EG','MV','TH','AU','ID','PH','MT','GR'], 2780, 8, true,
   ARRAY['hurghada','malediven','phuket'],
   '{"budget":"mittel","adults":2,"children":0,"preferredMonths":["Okt","Nov","Jan","Feb"],"preferredTypes":["tauchen","strand","schnorcheln"]}'::jsonb),
  ('a1000000-0000-0000-0000-000000000017','Ayşe Çelik',
   'https://api.dicebear.com/9.x/adventurer/svg?seed=AyseCelik&backgroundColor=c0aede',
   'Mutter von drei Kindern, plane immer den perfekten Familienurlaub. Side & Belek sind top! 👨‍👩‍👧',
   ARRAY['TR','GR','ES','HR'], 520, 2, true,
   ARRAY['antalya','side','kreta'],
   '{"budget":"mittel","adults":2,"children":3,"preferredMonths":["Jul","Aug"],"preferredTypes":["all-inclusive","strand","familie"]}'::jsonb),
  ('a1000000-0000-0000-0000-000000000018','Benjamin Braun',
   'https://api.dicebear.com/9.x/adventurer/svg?seed=BenjaminBraun&backgroundColor=ffdfbf',
   'Unternehmensberater, nutze jede Gelegenheit um Businesstrip mit Urlaub zu verbinden. ✈️💼',
   ARRAY['US','SG','AE','JP','HK','CN','AU','GB','FR','IT'], 4200, 11, true,
   ARRAY['dubai','new-york','barcelona'],
   '{"budget":"premium","adults":1,"children":0,"preferredMonths":["Nov","Dez","Jan"],"preferredTypes":["stadt","luxus","kultur"]}'::jsonb),
  ('a1000000-0000-0000-0000-000000000019','Olga Ivanova',
   'https://api.dicebear.com/9.x/adventurer/svg?seed=OlgaIvanova&backgroundColor=d1d4f9',
   'Russin aus Frankfurt. Liebe klassische Musik, Ballett und Städtereisen in Europa. 🎭🎨',
   ARRAY['AT','CZ','HU','IT','FR','ES','RU','GR'], 1340, 5, true,
   ARRAY['rom','barcelona','wien'],
   '{"budget":"mittel","adults":2,"children":0,"preferredMonths":["Apr","Mai","Sep","Okt"],"preferredTypes":["kultur","stadt","essen"]}'::jsonb),
  ('a1000000-0000-0000-0000-000000000020','Max Koch',
   'https://api.dicebear.com/9.x/adventurer/svg?seed=MaxKoch&backgroundColor=b6e3f4',
   'Meeresbiologe und Schnorchel-Fan. Erkundige die Unterwasserwelt auf der ganzen Welt. 🐠',
   ARRAY['MV','TH','AU','PH','ID','GR','EG','MT','CY','MX'], 3100, 9, true,
   ARRAY['malediven','hurghada','phuket'],
   '{"budget":"mittel","adults":1,"children":0,"preferredMonths":["Nov","Dez","Feb","Mär"],"preferredTypes":["tauchen","natur","strand"]}'::jsonb),
  ('a1000000-0000-0000-0000-000000000021','Lukas Wagner',
   'https://api.dicebear.com/9.x/adventurer/svg?seed=LukasWagner&backgroundColor=b6e3f4',
   'Bergsteiger und Hiker aus München. Im Sommer Alpen, im Winter Berge weltweit. 🏔️',
   ARRAY['AT','CH','NO','IS','NZ','NP','PE','CA'], 1750, 6, true,
   ARRAY['kappadokien','gran-canaria'],
   '{"budget":"budget","adults":1,"children":0,"preferredMonths":["Jun","Jul","Aug","Sep"],"preferredTypes":["wandern","natur","abenteuer"]}'::jsonb),
  ('a1000000-0000-0000-0000-000000000022','Özlem Arslan',
   'https://api.dicebear.com/9.x/adventurer/svg?seed=OezlemArslan&backgroundColor=ffd5dc',
   'Food-Bloggerin und Köchin. Reise für die Küche – jedes Land schmeckt anders. 🍽️🌶️',
   ARRAY['TR','IT','JP','TH','IN','MA','MX','PE','LB'], 2050, 7, true,
   ARRAY['antalya','barcelona','phuket'],
   '{"budget":"mittel","adults":2,"children":0,"preferredMonths":["Apr","Mai","Sep","Okt"],"preferredTypes":["essen","kultur","markt"]}'::jsonb),
  ('a1000000-0000-0000-0000-000000000023','Emma Klein',
   'https://api.dicebear.com/9.x/adventurer/svg?seed=EmmaKlein&backgroundColor=ffd5dc',
   'Content Creatorin & Reise-Influencerin. Zeige die schönsten Spots der Welt auf Instagram. 📱✨',
   ARRAY['MV','AE','ID','TH','MX','IT','GR','ES','PT','FR'], 3850, 10, true,
   ARRAY['malediven','dubai','bali'],
   '{"budget":"premium","adults":1,"children":0,"preferredMonths":["Jan","Feb","Nov","Dez"],"preferredTypes":["luxus","strand","foto"]}'::jsonb),
  ('a1000000-0000-0000-0000-000000000024','David Schulz',
   'https://api.dicebear.com/9.x/adventurer/svg?seed=DavidSchulz&backgroundColor=b6e3f4',
   'Kreuzfahrt-Veteran mit über 25 gebuchten Kreuzfahrten. MSC, AIDA und Royal Caribbean Fan. 🚢',
   ARRAY['NO','IS','GR','IT','ES','PT','HR','MT','CY','TR','EG','AE'], 4500, 12, true,
   ARRAY['kreuzfahrt','sansibar','kapstadt'],
   '{"budget":"premium","adults":2,"children":0,"preferredMonths":["Mai","Jun","Aug","Sep"],"preferredTypes":["kreuzfahrt","luxus","kultur"]}'::jsonb),
  ('a1000000-0000-0000-0000-000000000025','Yasmin Kramer',
   'https://api.dicebear.com/9.x/adventurer/svg?seed=YasminKramer&backgroundColor=d1d4f9',
   'Frisch verlobt und in der Planung unserer Traumhochzeitsreise! Malediven oder Seychellen? 💍',
   ARRAY['IT','FR','GR','ES'], 380, 2, true,
   ARRAY['malediven','sansibar'],
   '{"budget":"premium","adults":2,"children":0,"preferredMonths":["Nov","Dez"],"preferredTypes":["honeymoon","luxus","strand"]}'::jsonb),
  ('a1000000-0000-0000-0000-000000000026','Kemal Şahin',
   'https://api.dicebear.com/9.x/adventurer/svg?seed=KemalSahin&backgroundColor=ffdfbf',
   'Last-Minute-König aus Dortmund! Schnapper-Alarm immer an, spontan und immer bereit. 🔔',
   ARRAY['TR','GR','ES','EG','TN','MA'], 960, 4, true,
   ARRAY['antalya','hurghada','mallorca'],
   '{"budget":"budget","adults":1,"children":0,"preferredMonths":["Jun","Jul","Aug","Sep"],"preferredTypes":["strand","all-inclusive","last-minute"]}'::jsonb),
  ('a1000000-0000-0000-0000-000000000027','Lena Schäfer',
   'https://api.dicebear.com/9.x/adventurer/svg?seed=LenaSchaefer&backgroundColor=ffd5dc',
   'Gruppenreise-Organisatorin. Plane jedes Jahr Reisen für 10–20 Freunde. Logistik-Queen! 👑',
   ARRAY['HR','GR','ES','TR','IT','PT'], 1600, 6, true,
   ARRAY['kreta','mallorca','dubrovnik'],
   '{"budget":"mittel","adults":2,"children":0,"preferredMonths":["Jun","Jul"],"preferredTypes":["strand","nachtleben","gruppe"]}'::jsonb),
  ('a1000000-0000-0000-0000-000000000028','Patrick Meyer',
   'https://api.dicebear.com/9.x/adventurer/svg?seed=PatrickMeyer&backgroundColor=b6e3f4',
   'Fernreise-Enthusiast aus Hamburg. Jedes Jahr ein anderer Kontinent. Nächstes Ziel: Patagonien! 🌎',
   ARRAY['AU','NZ','JP','IN','ZA','KE','TZ','PE','CL','US','CA','MX','BR'], 5200, 13, true,
   ARRAY['bali','kapstadt','cancun'],
   '{"budget":"mittel","adults":1,"children":0,"preferredMonths":["Feb","Mär","Sep","Okt"],"preferredTypes":["abenteuer","natur","kultur"]}'::jsonb),
  ('a1000000-0000-0000-0000-000000000029','Sarah Neumann',
   'https://api.dicebear.com/9.x/adventurer/svg?seed=SarahNeumann&backgroundColor=d1d4f9',
   'Studentin auf der Suche nach günstigen Traumreisen. Budget-Tipps und Hostel-Hacks! 🎒💸',
   ARRAY['ES','PT','GR','HR','TR'], 290, 1, true,
   ARRAY['fuerteventura','rhodos'],
   '{"budget":"budget","adults":1,"children":0,"preferredMonths":["Sep","Okt"],"preferredTypes":["budget","strand","backpacker"]}'::jsonb),
  ('a1000000-0000-0000-0000-000000000030','Ivan Petrov',
   'https://api.dicebear.com/9.x/adventurer/svg?seed=IvanPetrov&backgroundColor=b6e3f4',
   'Russe in München. Skifahren im Winter, Tauchen im Sommer. Weltklasse-Skigebiete getestet. ⛷️',
   ARRAY['AT','FR','IT','CH','NO','FI','SE','RU','GR','EG'], 2200, 7, true,
   ARRAY['teneriffa','hurghada'],
   '{"budget":"premium","adults":2,"children":0,"preferredMonths":["Jan","Feb","Jul","Aug"],"preferredTypes":["ski","strand","natur"]}'::jsonb)
ON CONFLICT (id) DO NOTHING;

-- ─────────────────────────────────────────────────────────────────────────────
-- 3. COMMUNITY PROFILES
-- ─────────────────────────────────────────────────────────────────────────────
INSERT INTO community_profiles (uid, display_name, photo_url, bio, location, nationality,
  visited_countries, followers_count, following_count, reports_count, tips_count,
  groups_count, travel_frequency, traveler_type, languages, travel_interests)
VALUES
  ('a1000000-0000-0000-0000-000000000009','Maria Schneider',
   'https://api.dicebear.com/9.x/adventurer/svg?seed=MariaSchneider&backgroundColor=ffd5dc',
   'Mallorca-Dauergast und Strandliebhaberin. Jedes Jahr mindestens zweimal ans Meer.',
   'Berlin, Deutschland','deutsch',ARRAY['ES','GR','TR','HR','PT','IT'],
   142,89,8,5,3,'2x im Jahr','Strandurlauber',ARRAY['Deutsch','Englisch'],ARRAY['strand','familie','entspannung']),
  ('a1000000-0000-0000-0000-000000000010','Selin Demir',
   'https://api.dicebear.com/9.x/adventurer/svg?seed=SelinDemir&backgroundColor=c0aede',
   'Türkisch-Deutsche, verreise am liebsten in die Heimat meiner Eltern.',
   'Stuttgart, Deutschland','türkisch-deutsch',ARRAY['TR','GR','ES','IT','AE','EG'],
   287,203,12,9,4,'3x im Jahr','Kulturreisender',ARRAY['Deutsch','Türkisch','Englisch'],ARRAY['kultur','strand','essen','familie']),
  ('a1000000-0000-0000-0000-000000000011','Emre Kaya',
   'https://api.dicebear.com/9.x/adventurer/svg?seed=EmreKaya&backgroundColor=b6e3f4',
   'Reisefotograf auf der Suche nach unvergesslichen Momenten.',
   'Köln, Deutschland','türkisch-deutsch',ARRAY['TR','JP','IS','NO','MA','MX','PE','IN'],
   1243,312,25,18,6,'Jährlich große Reise','Abenteurer',ARRAY['Deutsch','Türkisch','Englisch'],ARRAY['fotografie','natur','kultur','abenteuer']),
  ('a1000000-0000-0000-0000-000000000012','Hannah Wolf',
   'https://api.dicebear.com/9.x/adventurer/svg?seed=HannahWolf&backgroundColor=d1d4f9',
   'Wellness & Spa-Liebhaberin, suche Ruhe abseits des Alltags.',
   'München, Deutschland','deutsch',ARRAY['AT','CH','IN','TH','ID','MV'],
   95,67,4,3,2,'1x im Jahr','Wellnessreisender',ARRAY['Deutsch','Englisch'],ARRAY['wellness','yoga','spa','strand']),
  ('a1000000-0000-0000-0000-000000000013','Carlos García',
   'https://api.dicebear.com/9.x/adventurer/svg?seed=CarlosGarcia&backgroundColor=ffdfbf',
   'Spanier in Berlin, Fan von Salsa, Küche und Südamerika.',
   'Berlin, Deutschland','spanisch',ARRAY['MX','CO','PE','AR','BR','CU','DO','CL','UY'],
   567,289,19,14,5,'Mehrmals im Jahr','Kulturreisender',ARRAY['Spanisch','Deutsch','Englisch'],ARRAY['essen','tanz','nachtleben','kultur']),
  ('a1000000-0000-0000-0000-000000000014','Nina Richter',
   'https://api.dicebear.com/9.x/adventurer/svg?seed=NinaRichter&backgroundColor=b6e3f4',
   'Kunsthistorikerin und leidenschaftliche Kulturtouristin.',
   'Hamburg, Deutschland','deutsch',ARRAY['IT','GR','EG','FR','ES','JP','CN','IN','TN','MA'],
   438,196,16,11,4,'2x im Jahr','Kulturreisender',ARRAY['Deutsch','Englisch','Französisch','Italienisch'],ARRAY['kunst','museen','architektur','geschichte']),
  ('a1000000-0000-0000-0000-000000000015','Aleksandra Nowak',
   'https://api.dicebear.com/9.x/adventurer/svg?seed=AleksandraNowak&backgroundColor=ffd5dc',
   'Polin in München, liebe Europa-Roadtrips und Mittelmeer.',
   'München, Deutschland','polnisch',ARRAY['IT','GR','HR','ES','PT','FR','CZ','AT','HU'],
   312,178,14,8,5,'2x im Jahr','Entdecker',ARRAY['Polnisch','Deutsch','Englisch'],ARRAY['strand','familie','roadtrip','kultur']),
  ('a1000000-0000-0000-0000-000000000016','Felix Hoffmann',
   'https://api.dicebear.com/9.x/adventurer/svg?seed=FelixHoffmann&backgroundColor=b6e3f4',
   'Tauch-Lehrer, Unterwasserwelt ist mein Zuhause.',
   'Hannover, Deutschland','deutsch',ARRAY['EG','MV','TH','AU','ID','PH','MT','GR'],
   823,341,20,15,3,'Mehrmals im Jahr','Abenteurer',ARRAY['Deutsch','Englisch'],ARRAY['tauchen','schnorcheln','meeresbiologie','wassersport']),
  ('a1000000-0000-0000-0000-000000000017','Ayşe Çelik',
   'https://api.dicebear.com/9.x/adventurer/svg?seed=AyseCelik&backgroundColor=c0aede',
   'Familienreisende mit drei Kindern, immer auf der Suche nach kinderfreundlichen Resorts.',
   'Frankfurt, Deutschland','türkisch',ARRAY['TR','GR','ES','HR'],
   198,134,7,6,4,'1x im Jahr','Familienreisender',ARRAY['Türkisch','Deutsch'],ARRAY['familie','strand','all-inclusive','kinderprogramm']),
  ('a1000000-0000-0000-0000-000000000018','Benjamin Braun',
   'https://api.dicebear.com/9.x/adventurer/svg?seed=BenjaminBraun&backgroundColor=ffdfbf',
   'Unternehmensberater verbindet gerne Business mit Leisure.',
   'Frankfurt, Deutschland','deutsch',ARRAY['US','SG','AE','JP','HK','CN','AU','GB','FR','IT'],
   732,456,22,12,2,'Mehrmals im Jahr','Luxusreisender',ARRAY['Deutsch','Englisch'],ARRAY['luxus','stadtreise','business-leisure','gastronomie']),
  ('a1000000-0000-0000-0000-000000000019','Olga Ivanova',
   'https://api.dicebear.com/9.x/adventurer/svg?seed=OlgaIvanova&backgroundColor=d1d4f9',
   'Russin in Frankfurt, Liebhaberin klassischer Kultur und europäischer Städte.',
   'Frankfurt, Deutschland','russisch',ARRAY['AT','CZ','HU','IT','FR','ES','RU','GR'],
   267,145,11,9,3,'2x im Jahr','Kulturreisender',ARRAY['Russisch','Deutsch','Englisch'],ARRAY['oper','museen','architektur','gastronomie']),
  ('a1000000-0000-0000-0000-000000000020','Max Koch',
   'https://api.dicebear.com/9.x/adventurer/svg?seed=MaxKoch&backgroundColor=b6e3f4',
   'Meeresbiologe erkundet die Unterwasserwelt auf allen Kontinenten.',
   'Kiel, Deutschland','deutsch',ARRAY['MV','TH','AU','PH','ID','GR','EG','MT','CY','MX'],
   945,378,28,21,4,'Mehrmals im Jahr','Abenteurer',ARRAY['Deutsch','Englisch'],ARRAY['tauchen','meeresbiologie','fotografie','natur']),
  ('a1000000-0000-0000-0000-000000000021','Lukas Wagner',
   'https://api.dicebear.com/9.x/adventurer/svg?seed=LukasWagner&backgroundColor=b6e3f4',
   'Bergsteiger und Hiker, im Sommer Alpen, im Winter Fernreisen in die Berge.',
   'München, Deutschland','deutsch',ARRAY['AT','CH','NO','IS','NZ','NP','PE','CA'],
   419,287,13,10,3,'Mehrmals im Jahr','Abenteurer',ARRAY['Deutsch','Englisch'],ARRAY['wandern','bergsteigen','natur','camping']),
  ('a1000000-0000-0000-0000-000000000022','Özlem Arslan',
   'https://api.dicebear.com/9.x/adventurer/svg?seed=OezlemArslan&backgroundColor=ffd5dc',
   'Food-Bloggerin und Köchin, reist für Aromen rund um die Welt.',
   'Düsseldorf, Deutschland','türkisch-deutsch',ARRAY['TR','IT','JP','TH','IN','MA','MX','PE','LB'],
   1567,634,31,24,5,'3x im Jahr','Kulinariker',ARRAY['Türkisch','Deutsch','Englisch'],ARRAY['streetfood','kochkurse','markte','gastronomie']),
  ('a1000000-0000-0000-0000-000000000023','Emma Klein',
   'https://api.dicebear.com/9.x/adventurer/svg?seed=EmmaKlein&backgroundColor=ffd5dc',
   'Content Creatorin zeigt die schönsten Spots der Welt.',
   'Berlin, Deutschland','deutsch',ARRAY['MV','AE','ID','TH','MX','IT','GR','ES','PT','FR'],
   23456,1234,45,38,8,'Jährlich große Reise','Influencer',ARRAY['Deutsch','Englisch'],ARRAY['fotografie','strand','luxus','instagram']),
  ('a1000000-0000-0000-0000-000000000024','David Schulz',
   'https://api.dicebear.com/9.x/adventurer/svg?seed=DavidSchulz&backgroundColor=b6e3f4',
   'Kreuzfahrt-Veteran mit 25+ Schiffen weltweit.',
   'Bremen, Deutschland','deutsch',ARRAY['NO','IS','GR','IT','ES','PT','HR','MT','CY','TR','EG','AE'],
   2341,1089,35,19,6,'3x im Jahr','Kreuzfahrtexperte',ARRAY['Deutsch','Englisch'],ARRAY['kreuzfahrt','luxus','gastronomie','kultur']),
  ('a1000000-0000-0000-0000-000000000025','Yasmin Kramer',
   'https://api.dicebear.com/9.x/adventurer/svg?seed=YasminKramer&backgroundColor=d1d4f9',
   'Plant gerade die perfekte Flitterwochen-Reise.',
   'Düsseldorf, Deutschland','deutsch',ARRAY['IT','FR','GR','ES'],
   89,52,2,1,1,'1x im Jahr','Romantiker',ARRAY['Deutsch','Englisch'],ARRAY['honeymoon','strand','luxus','romantik']),
  ('a1000000-0000-0000-0000-000000000026','Kemal Şahin',
   'https://api.dicebear.com/9.x/adventurer/svg?seed=KemalSahin&backgroundColor=ffdfbf',
   'Last-Minute-König, spontan reist es sich am schönsten.',
   'Dortmund, Deutschland','türkisch',ARRAY['TR','GR','ES','EG','TN','MA'],
   347,212,10,8,5,'Spontan/Last-Minute','Budget-Reisender',ARRAY['Türkisch','Deutsch'],ARRAY['strand','all-inclusive','last-minute','spontan']),
  ('a1000000-0000-0000-0000-000000000027','Lena Schäfer',
   'https://api.dicebear.com/9.x/adventurer/svg?seed=LenaSchaefer&backgroundColor=ffd5dc',
   'Gruppenreise-Organisatorin für Freunde und Familie.',
   'Düsseldorf, Deutschland','deutsch',ARRAY['HR','GR','ES','TR','IT','PT'],
   512,334,18,13,7,'2x im Jahr','Entdecker',ARRAY['Deutsch','Englisch'],ARRAY['gruppe','strand','nachtleben','abenteuer']),
  ('a1000000-0000-0000-0000-000000000028','Patrick Meyer',
   'https://api.dicebear.com/9.x/adventurer/svg?seed=PatrickMeyer&backgroundColor=b6e3f4',
   'Fernreise-Enthusiast, jedes Jahr ein neuer Kontinent.',
   'Hamburg, Deutschland','deutsch',ARRAY['AU','NZ','JP','IN','ZA','KE','TZ','PE','CL','US','CA','MX','BR'],
   1876,892,42,29,5,'1x große Fernreise','Weltenbummler',ARRAY['Deutsch','Englisch','Spanisch'],ARRAY['abenteuer','natur','wildlife','fernreise']),
  ('a1000000-0000-0000-0000-000000000029','Sarah Neumann',
   'https://api.dicebear.com/9.x/adventurer/svg?seed=SarahNeumann&backgroundColor=d1d4f9',
   'Studentin, Budget-Reisetipps und Hostel-Hacks für Sparfüchse.',
   'Leipzig, Deutschland','deutsch',ARRAY['ES','PT','GR','HR','TR'],
   234,167,5,4,3,'Spontan/Last-Minute','Budget-Reisender',ARRAY['Deutsch','Englisch'],ARRAY['budget','backpacker','strand','hostel']),
  ('a1000000-0000-0000-0000-000000000030','Ivan Petrov',
   'https://api.dicebear.com/9.x/adventurer/svg?seed=IvanPetrov&backgroundColor=b6e3f4',
   'Russe in München, Skifahren im Winter und Tauchen im Sommer.',
   'München, Deutschland','russisch',ARRAY['AT','FR','IT','CH','NO','FI','SE','RU','GR','EG'],
   678,345,16,12,4,'2x im Jahr','Abenteurer',ARRAY['Russisch','Deutsch','Englisch'],ARRAY['ski','tauchen','strand','winter']),
  ('a1000000-0000-0000-0000-000000000030','Ivan Petrov',
   'https://api.dicebear.com/9.x/adventurer/svg?seed=IvanPetrov&backgroundColor=b6e3f4',
   'Russe in München, Skifahren im Winter und Tauchen im Sommer.',
   'München, Deutschland','russisch',ARRAY['AT','FR','IT','CH','NO','FI','SE','RU','GR','EG'],
   678,345,16,12,4,'2x im Jahr','Abenteurer',ARRAY['Russisch','Deutsch','Englisch'],ARRAY['ski','tauchen','strand','winter'])
ON CONFLICT (uid) DO NOTHING;

-- ─────────────────────────────────────────────────────────────────────────────
-- 4. USER STREAKS & COINS
-- ─────────────────────────────────────────────────────────────────────────────
INSERT INTO user_streaks (user_id, current_streak, longest_streak, total_coins, last_checkin_date)
VALUES
  ('a1000000-0000-0000-0000-000000000009',14,21,840, CURRENT_DATE),
  ('a1000000-0000-0000-0000-000000000010',7,30,1560, CURRENT_DATE - 1),
  ('a1000000-0000-0000-0000-000000000011',45,67,4200, CURRENT_DATE),
  ('a1000000-0000-0000-0000-000000000012',3,12,420, CURRENT_DATE),
  ('a1000000-0000-0000-0000-000000000013',28,42,2800, CURRENT_DATE - 1),
  ('a1000000-0000-0000-0000-000000000014',9,18,980, CURRENT_DATE),
  ('a1000000-0000-0000-0000-000000000015',12,25,1150, CURRENT_DATE),
  ('a1000000-0000-0000-0000-000000000016',33,51,3100, CURRENT_DATE),
  ('a1000000-0000-0000-0000-000000000017',5,9,520, CURRENT_DATE - 2),
  ('a1000000-0000-0000-0000-000000000018',21,38,2300, CURRENT_DATE),
  ('a1000000-0000-0000-0000-000000000019',8,17,960, CURRENT_DATE - 1),
  ('a1000000-0000-0000-0000-000000000020',42,65,4700, CURRENT_DATE),
  ('a1000000-0000-0000-0000-000000000021',18,29,1800, CURRENT_DATE),
  ('a1000000-0000-0000-0000-000000000022',56,82,6200, CURRENT_DATE),
  ('a1000000-0000-0000-0000-000000000023',91,120,9800, CURRENT_DATE),
  ('a1000000-0000-0000-0000-000000000024',38,74,4500, CURRENT_DATE),
  ('a1000000-0000-0000-0000-000000000025',2,4,210, CURRENT_DATE),
  ('a1000000-0000-0000-0000-000000000026',11,22,1100, CURRENT_DATE - 1),
  ('a1000000-0000-0000-0000-000000000027',19,35,1950, CURRENT_DATE),
  ('a1000000-0000-0000-0000-000000000028',62,95,7100, CURRENT_DATE),
  ('a1000000-0000-0000-0000-000000000029',4,7,380, CURRENT_DATE),
  ('a1000000-0000-0000-0000-000000000030',25,44,2650, CURRENT_DATE)
ON CONFLICT (user_id) DO NOTHING;

-- ─────────────────────────────────────────────────────────────────────────────
-- 5. REISEBERICHTE (2 pro User)
-- ─────────────────────────────────────────────────────────────────────────────
INSERT INTO travel_reports (user_id, display_name, destination, country, title, highlights, lowlights, tips,
  price_range, rating, recommendation, cover_image_url, visited_at, is_published, likes_count, liked_by, comments_count)
VALUES
  -- Maria Schneider
  ('a1000000-0000-0000-0000-000000000009','Maria Schneider','mallorca','Spanien',
   'Mallorca im Mai – perfekter Familienurlaub!',
   'Wunderschöne Strände wie Cala Agulla, freundliche Einheimische, herrliches Wetter mit 25°C, tolle Wasserparks für Kinder.',
   'An den Stränden Mitte Juli sehr überfüllt. Parken in Palma ist ein Alptraum. Einige Restaurants sehr touristisch und überteuert.',
   'Besucht Alcúdia statt der vollen Playa de Palma. Mietwagen lohnt sich. Frühzeitig reservieren!',
   'mittel',5,true,'https://images.unsplash.com/photo-1507525428034-b723cf961d3e?w=800&q=80','Mai 2024',true,287,
   ARRAY['a1000000-0000-0000-0000-000000000010','a1000000-0000-0000-0000-000000000015'],3),
  ('a1000000-0000-0000-0000-000000000009','Maria Schneider','kreta','Griechenland',
   'Kreta entdeckt – unsere schönste Griechenland-Reise',
   'Die Samaria-Schlucht ist atemberaubend. Balos-Lagune unglaublich schön. Hervorragendes Essen überall.',
   'Samaria-Wanderung ist anstrengend, nicht für Kleinkinder geeignet. Manche Strände steinig.',
   'Rent a car ist Pflicht! Die Westküste ist schöner als der Norden. Im September weniger Touristen.',
   'mittel',5,true,'https://images.unsplash.com/photo-1570077188670-e3a8d69ac5ff?w=800&q=80','September 2023',true,198,
   ARRAY['a1000000-0000-0000-0000-000000000011','a1000000-0000-0000-0000-000000000014'],2),
  -- Selin Demir
  ('a1000000-0000-0000-0000-000000000010','Selin Demir','antalya','Türkei',
   'Antalya – mehr als nur All-Inclusive! Die Altstadt verzaubert',
   'Kaleiçi (Altstadt) ist ein Muss! Düden-Wasserfälle beeindruckend. Das Essen authentisch und günstig.',
   'Touristenmagneten wie der Basar können anstrengend sein. Im August sehr heiß und voll.',
   'Bleibt nicht nur im Resort! Mietet ein Scooter und erkundet die Umgebung. Authentische Lokale in der Altstadt.',
   'budget',5,true,'https://images.unsplash.com/photo-1519046904884-53103b34b206?w=800&q=80','August 2024',true,312,
   ARRAY['a1000000-0000-0000-0000-000000000009','a1000000-0000-0000-0000-000000000017'],5),
  ('a1000000-0000-0000-0000-000000000010','Selin Demir','side','Türkei',
   'Side – Antike trifft Traumstrand, ein unvergessliches Erlebnis',
   'Apollo-Tempel direkt am Meer bei Sonnenuntergang – unbeschreiblich schön! Super Tagestour nach Aspendos.',
   'Hauptstraße im Sommer verstopft. Viele Restaurants auf Touristen ausgerichtet.',
   'Frühmorgens den Tempel besuchen ohne Massen. Abends auf der Strandpromenade flanieren. Dolmus zum Manavgat-Wasserfall.',
   'mittel',5,true,'https://images.unsplash.com/photo-1506929562872-bb421503ef21?w=800&q=80','Juli 2023',true,245,
   ARRAY['a1000000-0000-0000-0000-000000000009','a1000000-0000-0000-0000-000000000022'],3),
  -- Emre Kaya
  ('a1000000-0000-0000-0000-000000000011','Emre Kaya','bali','Indonesien',
   'Bali mit der Kamera – ein Fotografen-Paradies',
   'Tegalalang-Reisterrassen im Morgenlicht magisch. Ubud für Kunst und Spiritualität. Kuta für Surfen.',
   'In manchen Gebieten sehr touristisch. Roller-Verkehr in Kuta chaotisch. Regenzeit meiden.',
   'Mietet einen Fahrer für einen Tag (~50€) statt Taxi. Sanur ist ruhiger als Kuta. Frühmorgens zum Tempel.',
   'budget',5,true,'https://images.unsplash.com/photo-1528127269322-539801943592?w=800&q=80','April 2024',true,894,
   ARRAY['a1000000-0000-0000-0000-000000000023','a1000000-0000-0000-0000-000000000014','a1000000-0000-0000-0000-000000000028'],12),
  ('a1000000-0000-0000-0000-000000000011','Emre Kaya','marrakech','Marokko',
   'Marrakesch – Farben, Aromen und unvergessliche Atmosphäre',
   'Die Medina ist einzigartig! Souks mit unglaublicher Atmosphäre. Tajine und Couscous umwerfend. Jardin Majorelle ein Kunstwerk.',
   'Händler sehr aufdringlich in der Medina. Hitze im Sommer extrem. Vorsicht bei Guides die man nicht bestellt hat.',
   'Riads sind das Beste – bucht zentral! Morgens früh in die Souks. Menara-Gärten ideal für Sunset-Fotos.',
   'mittel',4,true,'https://images.unsplash.com/photo-1500622944204-b135684e99fd?w=800&q=80','Oktober 2023',true,678,
   ARRAY['a1000000-0000-0000-0000-000000000022','a1000000-0000-0000-0000-000000000014'],8),
  -- Hannah Wolf
  ('a1000000-0000-0000-0000-000000000012','Hannah Wolf','malediven','Malediven',
   'Malediven Wellness-Retreat – der beste Urlaub meines Lebens',
   'Overwater-Bungalow mit Glasfußboden. Tägliche Yoga-Sessions bei Sonnenaufgang. Schnorcheln direkt vom Zimmer aus.',
   'Sehr teuer, auch für Getränke und Ausflüge. Transfer mit Wasserflugzeug teuer. Internetzugang begrenzt.',
   'All-Inclusive lohnt sich sehr. Buchung weit im Voraus nötig. Hausriff direkt beim Resort suchen.',
   'luxus',5,true,'https://images.unsplash.com/photo-1514282401047-d79a71a590e8?w=800&q=80','Januar 2024',true,567,
   ARRAY['a1000000-0000-0000-0000-000000000025','a1000000-0000-0000-0000-000000000023'],6),
  ('a1000000-0000-0000-0000-000000000012','Hannah Wolf','teneriffa','Spanien',
   'Teneriffa Wellness – Vulkaninsel für die Seele',
   'Teide-Nationalpark unwirklich schön. La Orotava historisch und wunderschön. Spa-Hotels erstklassig.',
   'Süden sehr touristisch und betoniert. Im Norden kann es bewölkt sein.',
   'Norden der Insel besuchen! Teide-Wanderung frühmorgens bei Sonnenaufgang. Mercado de Nuestra Señora de África.',
   'premium',4,true,'https://images.unsplash.com/photo-1558618666-fcd25c85cd64?w=800&q=80','November 2023',true,234,
   ARRAY['a1000000-0000-0000-0000-000000000009','a1000000-0000-0000-0000-000000000019'],2),
  -- Felix Hoffmann
  ('a1000000-0000-0000-0000-000000000016','Felix Hoffmann','hurghada','Ägypten',
   'Hurghada: Das Rote Meer ist das weltbeste Tauchrevier!',
   'Korallenriffe in perfektem Zustand. Delphin-Begegnungen auf eigentümliche Weise. Videoprogramm für Anfänger super.',
   'Strände in der Stadt nicht sehr schön. Einige Tauchbasen auf Massentourismus ausgerichtet.',
   'Morgendliche Tauchgänge haben das beste Licht. El Gouna als Alternative zu Hurghada empfehlenswert.',
   'mittel',5,true,'https://images.unsplash.com/photo-1544551763-46a013bb70d5?w=800&q=80','Oktober 2023',true,723,
   ARRAY['a1000000-0000-0000-0000-000000000020','a1000000-0000-0000-0000-000000000011'],9),
  ('a1000000-0000-0000-0000-000000000016','Felix Hoffmann','malediven','Malediven',
   'Malediven für Taucher: Haie, Rochen und Korallenriffe ohne Ende',
   'Wahlhaie im Hausriff jeden Tag. Mantalay Ausflug unvergesslich. Tauchen in kristallklarem 30°C Wasser.',
   'Teuer teuer teuer. Ausflüge extrem kostspielig. Massentourismus in manchen Atolls.',
   'Weniger bekannte Atolls wählen. Tauchpaket im Voraus buchen spart Kosten. Januar-März beste Sichtweite.',
   'luxus',5,true,'https://images.unsplash.com/photo-1476514525535-07fb3b4ae5f1?w=800&q=80','Februar 2024',true,845,
   ARRAY['a1000000-0000-0000-0000-000000000020','a1000000-0000-0000-0000-000000000012','a1000000-0000-0000-0000-000000000023'],11),
  -- Patrick Meyer
  ('a1000000-0000-0000-0000-000000000028','Patrick Meyer','bali','Indonesien',
   'Bali beyond the Tourist Trail – 3 Wochen Tiefenentdeckung',
   'Nord-Bali quasi touristenfrei! Munduk-Wasserfälle traumhaft. Auf eigene Faust durch kleine Dörfer wandern.',
   'In manchen Gegenden Plastikproblematik sichtbar. Rabies-Impfung empfohlen.',
   'Mietwagen statt Roller für weitere Ziele. Warung Lokal ist immer besser. Lovina im Norden für Delfin-Touren.',
   'budget',5,true,'https://images.unsplash.com/photo-1533105079780-92b9be482077?w=800&q=80','März 2024',true,456,
   ARRAY['a1000000-0000-0000-0000-000000000011','a1000000-0000-0000-0000-000000000022'],7),
  ('a1000000-0000-0000-0000-000000000028','Patrick Meyer','kapstadt','Südafrika',
   'Kapstadt: Die schönste Stadt der Welt – und das ist kein Werbung',
   'Tafelberg mit Seilbahn atemberaubend. Winelands für unvergessliche Weinproben. Pinguine in Boulders Beach.',
   'Sicherheit ist Thema, immer wachsam sein. Kein öffentlicher Nahverkehr für Touristen nutzbar.',
   'Uber ist günstig und sicher. Chapman''s Peak Drive an einem sonnigen Tag fahren. Sonnenuntergang auf Signal Hill.',
   'mittel',5,true,'https://images.unsplash.com/photo-1469474968028-56623f02e42e?w=800&q=80','September 2023',true,612,
   ARRAY['a1000000-0000-0000-0000-000000000013','a1000000-0000-0000-0000-000000000018'],8)
ON CONFLICT DO NOTHING;

-- ─────────────────────────────────────────────────────────────────────────────
-- 6. KARTEN-TIPPS
-- ─────────────────────────────────────────────────────────────────────────────
INSERT INTO travel_tips (user_id, display_name, title, description, category, location_name, lat, lng, status)
VALUES
  ('a1000000-0000-0000-0000-000000000009','Maria Schneider','Geheimstrand Cala Mesquida','Wunderschöner, wenig überlaufener Strand im Nordosten Mallorcas. Cristallklares Wasser, Dünen, perfekt für Familien!','geheimtipp','Cala Mesquida, Mallorca',39.7218,3.4589,'approved'),
  ('a1000000-0000-0000-0000-000000000010','Selin Demir','Bestes Köfte in Antalya','Restaurant Zeytin in der Altstadt – authentisches türkisches Essen, keine Touristenfalle. Köfte für 3€ einfach unschlagbar!','gastronomie','Kaleiçi, Antalya',36.8853,30.7061,'approved'),
  ('a1000000-0000-0000-0000-000000000011','Emre Kaya','Beste Sunrise in Bali','Tegalalang bei Sonnenaufgang (5:30 Uhr) – kaum Touristen, magisches Licht. Absoluter Pflichttermin für Fotografen!','geheimtipp','Tegalalang Rice Terrace, Bali',-8.4313,115.2769,'approved'),
  ('a1000000-0000-0000-0000-000000000012','Hannah Wolf','Wellness-Tempel im Süden Balis','The Yoga Barn in Ubud – täglich Yoga-Klassen, Healing-Treatments, Vegetarian-Restaurant. Absoluter Geheimtipp!','geheimtipp','The Yoga Barn, Ubud',-8.5166,115.2623,'approved'),
  ('a1000000-0000-0000-0000-000000000013','Carlos García','Beste Paella in Barcelona','La Barceloneta – kleines Lokal hinter dem Strand macht die beste Paella der Stadt. Mittags reservieren!','gastronomie','Barceloneta, Barcelona',41.3754,2.1879,'approved'),
  ('a1000000-0000-0000-0000-000000000014','Nina Richter','Verstecktes Meisterwerk in Rom','Kirche Santa Maria della Vittoria – Berninis Heilige Teresa im Seitenaltar ist umwerfend, weniger bekannt als Vatikan.','sehenswuerdigkeit','Santa Maria della Vittoria, Rom',41.9026,12.4918,'approved'),
  ('a1000000-0000-0000-0000-000000000015','Aleksandra Nowak','Lokaler Markt in Chania','Markthalle in der Altstadt – Frühmorgens gehen, wenn Einheimische einkaufen. Bester Käse und Oliven Kretas!','gastronomie','Markthalle Chania, Kreta',35.5124,24.0197,'approved'),
  ('a1000000-0000-0000-0000-000000000016','Felix Hoffmann','Top Hausriff Hurghada','Sheraton-Hausriff in El Gouna – kostenlos zugänglich für Gäste, Korallen in perfektem Zustand, täglich Schildkröten!','geheimtipp','El Gouna Hausriff',27.3917,33.6743,'approved'),
  ('a1000000-0000-0000-0000-000000000017','Ayşe Çelik','Kinderparadies in Side','Aquapark Side – bester Wasserpark an der türkischen Riviera, sehr kinderfreundlich, günstiger als die großen Resorts!','geheimtipp','Aquapark Side, Türkei',36.7701,31.3914,'approved'),
  ('a1000000-0000-0000-0000-000000000018','Benjamin Braun','Bestes Rooftop Dubai','Address Beach Resort Rooftop – unglaublicher Blick auf Burj Khalifa und das Meer. Sundown Cocktails mit Wow-Faktor!','geheimtipp','Address Beach Resort, Dubai',25.0924,55.1389,'approved'),
  ('a1000000-0000-0000-0000-000000000019','Olga Ivanova','Geheimtipp Oper in Wien','Volksoper Wien statt Staatsoper – gleiches Niveau, Hälfte des Preises, weniger Touristenmassen. Klasse!','geheimtipp','Volksoper Wien, Wien',48.2277,16.3598,'approved'),
  ('a1000000-0000-0000-0000-000000000020','Max Koch','Weltklasse Schnorcheln Malediven','North Malé Atoll Hausriff – Mantarochen jeden Morgen, Walhaie September-November, absolute Top-Spot!','geheimtipp','North Malé Atoll, Malediven',4.2634,73.5609,'approved'),
  ('a1000000-0000-0000-0000-000000000021','Lukas Wagner','Geheimweg Zugspitze','Wanderung via Partnach-Klamm auf die Zugspitze – weniger bekannt als die Hauptwege, atemberaubend schön.','geheimtipp','Partnach-Klamm, Garmisch',47.4831,11.1000,'approved'),
  ('a1000000-0000-0000-0000-000000000022','Özlem Arslan','Authentisches Türkisch in Antalya','Sedir Lokantası in der Altstadt – kein Touristenlokal, Mittagstisch wie bei Oma. Für 5€ das beste Mittagessen.','gastronomie','Sedir Lokantası, Antalya',36.8841,30.7043,'approved'),
  ('a1000000-0000-0000-0000-000000000023','Emma Klein','Instagram-Spot Santorini','Oia Windmühlen bei Sonnenuntergang – aber Geheimtipp: 300m weiter auf dem Felsweg, keine Massen, gleiche Aussicht!','sehenswuerdigkeit','Oia, Santorini',36.4618,25.3753,'approved'),
  ('a1000000-0000-0000-0000-000000000024','David Schulz','Kreuzfahrt-Tipp Dubrovnik','Im Hafen direkt zum alten Stadttor zu Fuß, nicht mit dem Shuttle. Spart 15€ und ist schneller.','geheimtipp','Dubrovnik Hafen',42.6441,18.1092,'approved'),
  ('a1000000-0000-0000-0000-000000000026','Kemal Şahin','Last-Minute Angebote finden','Am besten Dienstag-Abend schauen! Reiseveranstalter senken Preise für die kommenden 2 Wochen oft massiv.','geheimtipp','Online Booking Tipp',48.1351,11.5820,'approved'),
  ('a1000000-0000-0000-0000-000000000027','Lena Schäfer','Gruppenrabatt Kreta','Villa statt Hotel bei 10+ Personen – habe Villas ab 120€/Nacht gesamt gefunden. Eigene Küche, Pool, viel günstiger!','geheimtipp','Kreta - Allgemein',35.2401,24.8093,'approved'),
  ('a1000000-0000-0000-0000-000000000028','Patrick Meyer','Kapstadt Sunset Spot','Signal Hill kurz vor Sonnenuntergang – kostenlos, keine Touristenmassen, bestes Panorama der Stadt über den Hafen.','geheimtipp','Signal Hill, Kapstadt',-33.9121,18.4098,'approved'),
  ('a1000000-0000-0000-0000-000000000029','Sarah Neumann','Budget-Hostel Mallorca','Hostel Mambo in Palma – bestes Preis-Leistungs-Verhältnis der Insel, super Lage, kostenloser Frühstück, 18€/Nacht!','gastronomie','Palma de Mallorca',39.5696,2.6502,'approved'),
  ('a1000000-0000-0000-0000-000000000030','Ivan Petrov','Ski-Geheimtipp Österreich','Montafon statt Arlberg – gleiche Schneequalität, 40% günstigere Skipässe, weniger Warteschlangen. Insidertipp!','geheimtipp','Montafon, Vorarlberg',47.0658,9.8748,'approved')
ON CONFLICT DO NOTHING;

-- ─────────────────────────────────────────────────────────────────────────────
-- 7. MEDIA FEED
-- ─────────────────────────────────────────────────────────────────────────────
INSERT INTO media_feed (user_id, display_name, photo_url, destination, destination_slug,
  media_url, media_type, caption, tags, likes_count, liked_by, comments_count, is_published)
VALUES
  ('a1000000-0000-0000-0000-000000000009','Maria Schneider',
   'https://api.dicebear.com/9.x/adventurer/svg?seed=MariaSchneider&backgroundColor=ffd5dc',
   'Mallorca','mallorca','https://picsum.photos/seed/mallorca-beach/800/600','image',
   '☀️ Unser Lieblingsplatz auf Mallorca. Cala Agulla kurz nach Sonnenaufgang – einfach perfekt!',
   ARRAY['mallorca','strand','familie','sommer'],234,ARRAY['a1000000-0000-0000-0000-000000000010','a1000000-0000-0000-0000-000000000015'],8,true),
  ('a1000000-0000-0000-0000-000000000010','Selin Demir',
   'https://api.dicebear.com/9.x/adventurer/svg?seed=SelinDemir&backgroundColor=c0aede',
   'Antalya','antalya','https://picsum.photos/seed/antalya-sunset/800/600','image',
   '🌅 Sonnenuntergang in Kaleiçi. Keine Filter nötig – die Türkei ist einfach unglaublich schön! ❤️',
   ARRAY['antalya','türkei','sonnenuntergang','altstadt'],456,ARRAY['a1000000-0000-0000-0000-000000000009','a1000000-0000-0000-0000-000000000017'],15,true),
  ('a1000000-0000-0000-0000-000000000011','Emre Kaya',
   'https://api.dicebear.com/9.x/adventurer/svg?seed=EmreKaya&backgroundColor=b6e3f4',
   'Bali','bali','https://picsum.photos/seed/bali-sunrise/800/600','image',
   '📸 5:30 Uhr morgens, Tegalalang, null Touristen. Momente wie diese machen das frühe Aufstehen wert!',
   ARRAY['bali','fotografie','sunrise','reisterrassen'],892,ARRAY['a1000000-0000-0000-0000-000000000023','a1000000-0000-0000-0000-000000000014','a1000000-0000-0000-0000-000000000022'],24,true),
  ('a1000000-0000-0000-0000-000000000016','Felix Hoffmann',
   'https://api.dicebear.com/9.x/adventurer/svg?seed=FelixHoffmann&backgroundColor=b6e3f4',
   'Hurghada','hurghada','https://picsum.photos/seed/hurghada-coral/800/600','image',
   '🤿 15m Tiefe, Rotes Meer, beste Sichtweite des Jahres. Dieser Fisch wollte unbedingt ins Bild!',
   ARRAY['hurghada','tauchen','rotesmeer','unterwasser'],674,ARRAY['a1000000-0000-0000-0000-000000000020','a1000000-0000-0000-0000-000000000016'],18,true),
  ('a1000000-0000-0000-0000-000000000023','Emma Klein',
   'https://api.dicebear.com/9.x/adventurer/svg?seed=EmmaKlein&backgroundColor=ffd5dc',
   'Malediven','malediven','https://picsum.photos/seed/malediven-sunset/800/600','image',
   '💙 Overwater-Bungalow Glück. Die Sonne taucht alles in Gold. Diese Farben existieren wirklich! ✨',
   ARRAY['malediven','luxus','honeymoon','paradies','overwater'],2345,ARRAY['a1000000-0000-0000-0000-000000000012','a1000000-0000-0000-0000-000000000025','a1000000-0000-0000-0000-000000000009'],67,true),
  ('a1000000-0000-0000-0000-000000000022','Özlem Arslan',
   'https://api.dicebear.com/9.x/adventurer/svg?seed=OezlemArslan&backgroundColor=ffd5dc',
   'Antalya','antalya','https://picsum.photos/seed/antalya-food/800/600','image',
   '🍽️ Türkisches Frühstück in seiner reinsten Form. Menemen, Börek, Bal-Kaymak... ich kann nicht mehr aufhören! 😍',
   ARRAY['türkei','frühstück','food','antalya','kulinarik'],1234,ARRAY['a1000000-0000-0000-0000-000000000010','a1000000-0000-0000-0000-000000000013'],34,true),
  ('a1000000-0000-0000-0000-000000000028','Patrick Meyer',
   'https://api.dicebear.com/9.x/adventurer/svg?seed=PatrickMeyer&backgroundColor=b6e3f4',
   'Kapstadt','kapstadt','https://picsum.photos/seed/kapstadt-signal-hill/800/600','image',
   '🌆 Signal Hill, Kapstadt. Wer sagt, das ist nicht die schönste Stadt der Welt, hat unrecht. Ende der Diskussion.',
   ARRAY['kapstadt','südafrika','sunset','tafelberg','panorama'],789,ARRAY['a1000000-0000-0000-0000-000000000013','a1000000-0000-0000-0000-000000000018'],19,true)
ON CONFLICT DO NOTHING;

-- ─────────────────────────────────────────────────────────────────────────────
-- 8. TRAVEL BUDDIES (für Matching-Feature)
-- ─────────────────────────────────────────────────────────────────────────────
INSERT INTO travel_buddies (user_id, display_name, photo_url, age_range, gender, languages,
  destinations, travel_style, bio, departure_from, travel_months, is_active)
VALUES
  ('a1000000-0000-0000-0000-000000000009','Maria Schneider','https://api.dicebear.com/9.x/adventurer/svg?seed=MariaSchneider&backgroundColor=ffd5dc','36-45','weiblich',ARRAY['Deutsch','Englisch'],ARRAY['mallorca','kreta'],ARRAY['strand','familie'],'Suche Familien mit ähnlich alten Kindern für gemeinsamen Strandurlaub!','Berlin',ARRAY['Jul','Aug'],true),
  ('a1000000-0000-0000-0000-000000000011','Emre Kaya','https://api.dicebear.com/9.x/adventurer/svg?seed=EmreKaya&backgroundColor=b6e3f4','25-35','männlich',ARRAY['Deutsch','Türkisch','Englisch'],ARRAY['bali','japan','island'],ARRAY['fotografie','abenteuer'],'Suche Foto-Partner für Asien-Reise 2026. Frühaufsteher für Sonnenaufgang-Shots!','Köln',ARRAY['Apr','Mai'],true),
  ('a1000000-0000-0000-0000-000000000013','Carlos García','https://api.dicebear.com/9.x/adventurer/svg?seed=CarlosGarcia&backgroundColor=ffdfbf','25-35','männlich',ARRAY['Spanisch','Deutsch','Englisch'],ARRAY['cancun','kuba','kolumbien'],ARRAY['nachtleben','kultur'],'¡Hola! Suche Reisepartner für Südamerika-Trip. Tanzen, Essen und Abenteuer!','Berlin',ARRAY['Sep','Okt'],true),
  ('a1000000-0000-0000-0000-000000000016','Felix Hoffmann','https://api.dicebear.com/9.x/adventurer/svg?seed=FelixHoffmann&backgroundColor=b6e3f4','36-45','männlich',ARRAY['Deutsch','Englisch'],ARRAY['malediven','rotes-meer','thailand'],ARRAY['tauchen','schnorcheln'],'Suche Tauch-Partner für Malediven im Frühjahr 2026. PADI Advanced oder höher.','Hannover',ARRAY['Jan','Feb'],true),
  ('a1000000-0000-0000-0000-000000000019','Olga Ivanova','https://api.dicebear.com/9.x/adventurer/svg?seed=OlgaIvanova&backgroundColor=d1d4f9','36-45','weiblich',ARRAY['Russisch','Deutsch','Englisch'],ARRAY['wien','prag','budapest'],ARRAY['kultur','oper'],'Kulturreisenpartnerin für Opern-Städtereisen in Europa gesucht.','Frankfurt',ARRAY['Sep','Okt'],true),
  ('a1000000-0000-0000-0000-000000000021','Lukas Wagner','https://api.dicebear.com/9.x/adventurer/svg?seed=LukasWagner&backgroundColor=b6e3f4','25-35','männlich',ARRAY['Deutsch','Englisch'],ARRAY['nepal','norwegen','island'],ARRAY['wandern','bergsteigen'],'Hikingpartner für Alpenüberquerung oder Nepal-Trekking 2026 gesucht!','München',ARRAY['Jul','Aug'],true),
  ('a1000000-0000-0000-0000-000000000027','Lena Schäfer','https://api.dicebear.com/9.x/adventurer/svg?seed=LenaSchaefer&backgroundColor=ffd5dc','25-35','weiblich',ARRAY['Deutsch','Englisch'],ARRAY['kreta','kroatien','spanien'],ARRAY['strand','nachtleben'],'Organisiere Gruppenreisen, suche noch 4-6 Leute für Kroatien-Bootsurlaub 2026!','Düsseldorf',ARRAY['Jun','Jul'],true)
ON CONFLICT (user_id) DO NOTHING;
